{
"lengthUnit": "mil",
"remark": [],
"components": {
	"fields": ["COMPONENT_NO", "COMPONENT_NAME", "LAYER", "X_COORDINATE", "Y_COORDINATE", "ANGLE"],
	"rows": [
		[1, "C1", "T", 636, 1950, 90],
		[2, "C2", "T", 804, 1700, 0],
		[3, "CONTACT1", "T", 292.0466, 2523.3539, 0],
		[4, "H1", "T", 574, 2178, 180],
		[5, "LED1", "T", 1880, 3240, 0],
		[6, "LED2", "T", 2532, 3760, 0],
		[7, "LED3", "T", 3348, 3884, 0],
		[8, "LED4", "T", 4162, 3614, 0],
		[9, "LED5", "T", 4726, 2974, 0],
		[10, "LED6", "T", 4798, 1402, 0],
		[11, "LED7", "T", 4288, 706, 0],
		[12, "LED8", "T", 3530, 358, 0],
		[13, "LED9", "T", 2691.4325, 384.913, 0],
		[14, "LED10", "T", 1972, 866, 0],
		[15, "R1", "T", 1254, 1698, 0],
		[16, "R2", "T", 872, 1400, 90],
		[17, "R3", "T", 1260, 1524, 0],
		[18, "U1", "T", 998, 2028, 180],
		[19, "U3", "T", 880, 2512, 180],
		[20, "PAD1", "T", 636, 1910.63, 0],
		[21, "PAD1", "B", 636, 1910.63, 0],
		[22, "PAD2", "T", 636, 1989.37, 0],
		[23, "PAD2", "B", 636, 1989.37, 0],
		[24, "PAD3", "T", 704, 1700, 0],
		[25, "PAD3", "B", 704, 1700, 0],
		[26, "PAD4", "T", 904, 1700, 0],
		[27, "PAD4", "B", 904, 1700, 0],
		[28, "PAD5", "T", 292.0466, 2523.3539, 0],
		[29, "PAD5", "B", 292.0466, 2523.3539, 0],
		[30, "PAD6", "T", 624, 2178, 0],
		[31, "PAD6", "B", 624, 2178, 0],
		[32, "PAD7", "T", 524, 2178, 0],
		[33, "PAD7", "B", 524, 2178, 0],
		[34, "PAD8", "T", 1930, 3240, 0],
		[35, "PAD8", "B", 1930, 3240, 0],
		[36, "PAD9", "T", 1830, 3240, 0],
		[37, "PAD9", "B", 1830, 3240, 0],
		[38, "PAD10", "T", 2482, 3760, 0],
		[39, "PAD10", "B", 2482, 3760, 0],
		[40, "PAD11", "T", 2582, 3760, 0],
		[41, "PAD11", "B", 2582, 3760, 0],
		[42, "PAD12", "T", 3298, 3884, 0],
		[43, "PAD12", "B", 3298, 3884, 0],
		[44, "PAD13", "T", 3398, 3884, 0],
		[45, "PAD13", "B", 3398, 3884, 0],
		[46, "PAD14", "T", 4212, 3614, 0],
		[47, "PAD14", "B", 4212, 3614, 0],
		[48, "PAD15", "T", 4112, 3614, 0],
		[49, "PAD15", "B", 4112, 3614, 0],
		[50, "PAD16", "T", 4676, 2974, 0],
		[51, "PAD16", "B", 4676, 2974, 0],
		[52, "PAD17", "T", 4776, 2974, 0],
		[53, "PAD17", "B", 4776, 2974, 0],
		[54, "PAD18", "T", 4748, 1402, 0],
		[55, "PAD18", "B", 4748, 1402, 0],
		[56, "PAD19", "T", 4848, 1402, 0],
		[57, "PAD19", "B", 4848, 1402, 0],
		[58, "PAD20", "T", 4338, 706, 0],
		[59, "PAD20", "B", 4338, 706, 0],
		[60, "PAD21", "T", 4238, 706, 0],
		[61, "PAD21", "B", 4238, 706, 0],
		[62, "PAD22", "T", 3480, 358, 0],
		[63, "PAD22", "B", 3480, 358, 0],
		[64, "PAD23", "T", 3580, 358, 0],
		[65, "PAD23", "B", 3580, 358, 0],
		[66, "PAD24", "T", 2641.4325, 384.913, 0],
		[67, "PAD24", "B", 2641.4325, 384.913, 0],
		[68, "PAD25", "T", 2741.4325, 384.913, 0],
		[69, "PAD25", "B", 2741.4325, 384.913, 0],
		[70, "PAD26", "T", 2022, 866, 0],
		[71, "PAD26", "B", 2022, 866, 0],
		[72, "PAD27", "T", 1922, 866, 0],
		[73, "PAD27", "B", 1922, 866, 0],
		[74, "PAD28", "T", 1047.31, 1698, 0],
		[75, "PAD28", "B", 1047.31, 1698, 0],
		[76, "PAD29", "T", 1460.69, 1698, 0],
		[77, "PAD29", "B", 1460.69, 1698, 0],
		[78, "PAD30", "T", 872, 1400.4, 0],
		[79, "PAD30", "B", 872, 1400.4, 0],
		[80, "PAD31", "T", 872, 1500.4, 0],
		[81, "PAD31", "B", 872, 1500.4, 0],
		[82, "PAD32", "T", 872, 1299.6, 0],
		[83, "PAD32", "B", 872, 1299.6, 0],
		[84, "PAD33", "T", 1053.31, 1524, 0],
		[85, "PAD33", "B", 1053.31, 1524, 0],
		[86, "PAD34", "T", 1466.7, 1524, 0],
		[87, "PAD34", "B", 1466.7, 1524, 0],
		[88, "PAD35", "T", 1148, 2178, 0],
		[89, "PAD35", "B", 1148, 2178, 0],
		[90, "PAD36", "T", 1048, 2178, 0],
		[91, "PAD36", "B", 1048, 2178, 0],
		[92, "PAD37", "T", 948, 2178, 0],
		[93, "PAD37", "B", 948, 2178, 0],
		[94, "PAD38", "T", 848, 2178, 0],
		[95, "PAD38", "B", 848, 2178, 0],
		[96, "PAD39", "T", 1148, 1878, 0],
		[97, "PAD39", "B", 1148, 1878, 0],
		[98, "PAD40", "T", 1048, 1878, 0],
		[99, "PAD40", "B", 1048, 1878, 0],
		[100, "PAD41", "T", 948, 1878, 0],
		[101, "PAD41", "B", 948, 1878, 0],
		[102, "PAD42", "T", 848, 1878, 0],
		[103, "PAD42", "B", 848, 1878, 0],
		[104, "PAD43", "T", 1230, 2662, 0],
		[105, "PAD43", "B", 1230, 2662, 0],
		[106, "PAD44", "T", 1130, 2662, 0],
		[107, "PAD44", "B", 1130, 2662, 0],
		[108, "PAD45", "T", 1030, 2662, 0],
		[109, "PAD45", "B", 1030, 2662, 0],
		[110, "PAD46", "T", 930, 2662, 0],
		[111, "PAD46", "B", 930, 2662, 0],
		[112, "PAD47", "T", 830, 2662, 0],
		[113, "PAD47", "B", 830, 2662, 0],
		[114, "PAD48", "T", 730, 2662, 0],
		[115, "PAD48", "B", 730, 2662, 0],
		[116, "PAD49", "T", 630, 2662, 0],
		[117, "PAD49", "B", 630, 2662, 0],
		[118, "PAD50", "T", 530, 2662, 0],
		[119, "PAD50", "B", 530, 2662, 0],
		[120, "PAD51", "T", 530, 2362, 0],
		[121, "PAD51", "B", 530, 2362, 0],
		[122, "PAD52", "T", 630, 2362, 0],
		[123, "PAD52", "B", 630, 2362, 0],
		[124, "PAD53", "T", 730, 2362, 0],
		[125, "PAD53", "B", 730, 2362, 0],
		[126, "PAD54", "T", 930, 2362, 0],
		[127, "PAD54", "B", 930, 2362, 0],
		[128, "PAD55", "T", 1030, 2362, 0],
		[129, "PAD55", "B", 1030, 2362, 0],
		[130, "PAD56", "T", 1130, 2362, 0],
		[131, "PAD56", "B", 1130, 2362, 0],
		[132, "PAD57", "T", 1230, 2362, 0],
		[133, "PAD57", "B", 1230, 2362, 0]
	]
},
"pins": {
	"fields": ["PIN_NO", "PIN_NAME", "PIN_X", "PIN_Y", "LAYER", "PIN_TYPE", "NET_NAME", "NET_TYPE", "PAD_SHAPE", "PAD_SIZEX", "PAD_SIZEY", "HOLE_SIZE", "HOLE_LEN", "PAD_ANGLE"],
	"rows": [
		[1, "C1_1", 636, 1910.63, "T", "DIP", "$1N9371", "", "C", 51.181, 51.181, 31.496, 31.496, 90],
		[2, "C1_1", 636, 1910.63, "B", "DIP", "$1N9371", "", "C", 51.181, 51.181, 31.496, 31.496, 90],
		[3, "C1_2", 636, 1989.37, "T", "DIP", "$1N9298", "", "C", 51.181, 51.181, 31.496, 31.496, 90],
		[4, "C1_2", 636, 1989.37, "B", "DIP", "$1N9298", "", "C", 51.181, 51.181, 31.496, 31.496, 90],
		[5, "C2_1", 704, 1700, "T", "DIP", "$1N9381", "", "C", 70.866, 70.866, 47.244, 47.244, 0],
		[6, "C2_1", 704, 1700, "B", "DIP", "$1N9381", "", "C", 70.866, 70.866, 47.244, 47.244, 0],
		[7, "C2_2", 904, 1700, "T", "DIP", "$1N9298", "", "C", 70.866, 70.866, 47.244, 47.244, 0],
		[8, "C2_2", 904, 1700, "B", "DIP", "$1N9298", "", "C", 70.866, 70.866, 47.244, 47.244, 0],
		[9, "CONTACT1_1", 292.0466, 2523.3539, "T", "DIP", "$1N9466", "", "R", 66.929, 66.929, 43.308, 43.308, 0],
		[10, "CONTACT1_1", 292.0466, 2523.3539, "B", "DIP", "$1N9466", "", "R", 66.929, 66.929, 43.308, 43.308, 0],
		[11, "H1_1", 624, 2178, "T", "DIP", "$1N9298", "", "R", 78.74, 78.74, 47.244, 47.244, 180],
		[12, "H1_1", 624, 2178, "B", "DIP", "$1N9298", "", "R", 78.74, 78.74, 47.244, 47.244, 180],
		[13, "H1_2", 524, 2178, "T", "DIP", "$1N9291", "", "C", 78.74, 78.74, 47.244, 47.244, 180],
		[14, "H1_2", 524, 2178, "B", "DIP", "$1N9291", "", "C", 78.74, 78.74, 47.244, 47.244, 180],
		[15, "LED1_1", 1830, 3240, "T", "DIP", "$1N9393", "", "C", 62.992, 62.992, 39.37, 39.37, 180],
		[16, "LED1_1", 1830, 3240, "B", "DIP", "$1N9393", "", "C", 62.992, 62.992, 39.37, 39.37, 180],
		[17, "LED1_2", 1930, 3240, "T", "DIP", "$1N8927", "", "C", 62.992, 62.992, 39.37, 39.37, 180],
		[18, "LED1_2", 1930, 3240, "B", "DIP", "$1N8927", "", "C", 62.992, 62.992, 39.37, 39.37, 180],
		[19, "LED2_1", 2482, 3760, "T", "DIP", "$1N9393", "", "R", 62.992, 62.992, 39.37, 39.37, 180],
		[20, "LED2_1", 2482, 3760, "B", "DIP", "$1N9393", "", "R", 62.992, 62.992, 39.37, 39.37, 180],
		[21, "LED2_2", 2582, 3760, "T", "DIP", "$1N8933", "", "C", 62.992, 62.992, 39.37, 39.37, 180],
		[22, "LED2_2", 2582, 3760, "B", "DIP", "$1N8933", "", "C", 62.992, 62.992, 39.37, 39.37, 180],
		[23, "LED3_1", 3298, 3884, "T", "DIP", "$1N9393", "", "R", 62.992, 62.992, 39.37, 39.37, 180],
		[24, "LED3_1", 3298, 3884, "B", "DIP", "$1N9393", "", "R", 62.992, 62.992, 39.37, 39.37, 180],
		[25, "LED3_2", 3398, 3884, "T", "DIP", "$1N8940", "", "C", 62.992, 62.992, 39.37, 39.37, 180],
		[26, "LED3_2", 3398, 3884, "B", "DIP", "$1N8940", "", "C", 62.992, 62.992, 39.37, 39.37, 180],
		[27, "LED4_1", 4112, 3614, "T", "DIP", "$1N9393", "", "C", 62.992, 62.992, 39.37, 39.37, 180],
		[28, "LED4_1", 4112, 3614, "B", "DIP", "$1N9393", "", "C", 62.992, 62.992, 39.37, 39.37, 180],
		[29, "LED4_2", 4212, 3614, "T", "DIP", "$1N8948", "", "C", 62.992, 62.992, 39.37, 39.37, 180],
		[30, "LED4_2", 4212, 3614, "B", "DIP", "$1N8948", "", "C", 62.992, 62.992, 39.37, 39.37, 180],
		[31, "LED5_1", 4676, 2974, "T", "DIP", "$1N9393", "", "R", 62.992, 62.992, 39.37, 39.37, 180],
		[32, "LED5_1", 4676, 2974, "B", "DIP", "$1N9393", "", "R", 62.992, 62.992, 39.37, 39.37, 180],
		[33, "LED5_2", 4776, 2974, "T", "DIP", "$1N8955", "", "C", 62.992, 62.992, 39.37, 39.37, 180],
		[34, "LED5_2", 4776, 2974, "B", "DIP", "$1N8955", "", "C", 62.992, 62.992, 39.37, 39.37, 180],
		[35, "LED6_1", 4748, 1402, "T", "DIP", "$1N9393", "", "R", 62.992, 62.992, 39.37, 39.37, 180],
		[36, "LED6_1", 4748, 1402, "B", "DIP", "$1N9393", "", "R", 62.992, 62.992, 39.37, 39.37, 180],
		[37, "LED6_2", 4848, 1402, "T", "DIP", "$1N8962", "", "C", 62.992, 62.992, 39.37, 39.37, 180],
		[38, "LED6_2", 4848, 1402, "B", "DIP", "$1N8962", "", "C", 62.992, 62.992, 39.37, 39.37, 180],
		[39, "LED7_1", 4238, 706, "T", "DIP", "$1N9393", "", "C", 62.992, 62.992, 39.37, 39.37, 180],
		[40, "LED7_1", 4238, 706, "B", "DIP", "$1N9393", "", "C", 62.992, 62.992, 39.37, 39.37, 180],
		[41, "LED7_2", 4338, 706, "T", "DIP", "$1N8968", "", "C", 62.992, 62.992, 39.37, 39.37, 180],
		[42, "LED7_2", 4338, 706, "B", "DIP", "$1N8968", "", "C", 62.992, 62.992, 39.37, 39.37, 180],
		[43, "LED8_1", 3480, 358, "T", "DIP", "$1N9393", "", "R", 62.992, 62.992, 39.37, 39.37, 180],
		[44, "LED8_1", 3480, 358, "B", "DIP", "$1N9393", "", "R", 62.992, 62.992, 39.37, 39.37, 180],
		[45, "LED8_2", 3580, 358, "T", "DIP", "$1N8975", "", "C", 62.992, 62.992, 39.37, 39.37, 180],
		[46, "LED8_2", 3580, 358, "B", "DIP", "$1N8975", "", "C", 62.992, 62.992, 39.37, 39.37, 180],
		[47, "LED9_1", 2641.4325, 384.913, "T", "DIP", "$1N9393", "", "R", 62.992, 62.992, 39.37, 39.37, 180],
		[48, "LED9_1", 2641.4325, 384.913, "B", "DIP", "$1N9393", "", "R", 62.992, 62.992, 39.37, 39.37, 180],
		[49, "LED9_2", 2741.4325, 384.913, "T", "DIP", "$1N8985", "", "C", 62.992, 62.992, 39.37, 39.37, 180],
		[50, "LED9_2", 2741.4325, 384.913, "B", "DIP", "$1N8985", "", "C", 62.992, 62.992, 39.37, 39.37, 180],
		[51, "LED10_1", 1922, 866, "T", "DIP", "$1N9393", "", "C", 62.992, 62.992, 39.37, 39.37, 180],
		[52, "LED10_1", 1922, 866, "B", "DIP", "$1N9393", "", "C", 62.992, 62.992, 39.37, 39.37, 180],
		[53, "LED10_2", 2022, 866, "T", "DIP", "$1N8995", "", "C", 62.992, 62.992, 39.37, 39.37, 180],
		[54, "LED10_2", 2022, 866, "B", "DIP", "$1N8995", "", "C", 62.992, 62.992, 39.37, 39.37, 180],
		[55, "R1_1", 1047.31, 1698, "T", "DIP", "$1N9356", "", "C", 55.118, 55.118, 27.56, 27.56, 0],
		[56, "R1_1", 1047.31, 1698, "B", "DIP", "$1N9356", "", "C", 55.118, 55.118, 27.56, 27.56, 0],
		[57, "R1_2", 1460.69, 1698, "T", "DIP", "$1N9291", "", "C", 55.118, 55.118, 27.56, 27.56, 0],
		[58, "R1_2", 1460.69, 1698, "B", "DIP", "$1N9291", "", "C", 55.118, 55.118, 27.56, 27.56, 0],
		[59, "R2_1", 872, 1500.4, "T", "DIP", "$1N9371", "", "C", 74.8, 74.8, 35.4, 35.4, 270],
		[60, "R2_1", 872, 1500.4, "B", "DIP", "$1N9371", "", "C", 74.8, 74.8, 35.4, 35.4, 270],
		[61, "R2_2", 872, 1400.4, "T", "DIP", "$1N9356", "", "C", 74.8, 74.8, 35.4, 35.4, 270],
		[62, "R2_2", 872, 1400.4, "B", "DIP", "$1N9356", "", "C", 74.8, 74.8, 35.4, 35.4, 270],
		[63, "R2_3", 872, 1299.6, "T", "DIP", "$1N9356", "", "C", 74.8, 74.8, 35.4, 35.4, 270],
		[64, "R2_3", 872, 1299.6, "B", "DIP", "$1N9356", "", "C", 74.8, 74.8, 35.4, 35.4, 270],
		[65, "R3_1", 1053.31, 1524, "T", "DIP", "$1N9298", "", "C", 62.992, 62.992, 36, 36, 180],
		[66, "R3_1", 1053.31, 1524, "B", "DIP", "$1N9298", "", "C", 62.992, 62.992, 36, 36, 180],
		[67, "R3_2", 1466.7, 1524, "T", "DIP", "$1N9393", "", "C", 62.992, 62.992, 36, 36, 180],
		[68, "R3_2", 1466.7, 1524, "B", "DIP", "$1N9393", "", "C", 62.992, 62.992, 36, 36, 180],
		[69, "U1_1", 1148, 2178, "T", "DIP", "$1N9298", "", "R", 59.055, 59.055, 35.434, 35.434, 180],
		[70, "U1_1", 1148, 2178, "B", "DIP", "$1N9298", "", "R", 59.055, 59.055, 35.434, 35.434, 180],
		[71, "U1_2", 1048, 2178, "T", "DIP", "$1N9371", "", "C", 59.055, 59.055, 35.434, 35.434, 270],
		[72, "U1_2", 1048, 2178, "B", "DIP", "$1N9371", "", "C", 59.055, 59.055, 35.434, 35.434, 270],
		[73, "U1_3", 948, 2178, "T", "DIP", "$1N9466", "", "C", 59.055, 59.055, 35.434, 35.434, 270],
		[74, "U1_3", 948, 2178, "B", "DIP", "$1N9466", "", "C", 59.055, 59.055, 35.434, 35.434, 270],
		[75, "U1_4", 848, 2178, "T", "DIP", "$1N9291", "", "C", 59.055, 59.055, 35.434, 35.434, 270],
		[76, "U1_4", 848, 2178, "B", "DIP", "$1N9291", "", "C", 59.055, 59.055, 35.434, 35.434, 270],
		[77, "U1_5", 848, 1878, "T", "DIP", "$1N9381", "", "C", 59.055, 59.055, 35.434, 35.434, 270],
		[78, "U1_5", 848, 1878, "B", "DIP", "$1N9381", "", "C", 59.055, 59.055, 35.434, 35.434, 270],
		[79, "U1_6", 948, 1878, "T", "DIP", "$1N9371", "", "C", 59.055, 59.055, 35.434, 35.434, 270],
		[80, "U1_6", 948, 1878, "B", "DIP", "$1N9371", "", "C", 59.055, 59.055, 35.434, 35.434, 270],
		[81, "U1_7", 1048, 1878, "T", "DIP", "$1N9356", "", "C", 59.055, 59.055, 35.434, 35.434, 270],
		[82, "U1_7", 1048, 1878, "B", "DIP", "$1N9356", "", "C", 59.055, 59.055, 35.434, 35.434, 270],
		[83, "U1_8", 1148, 1878, "T", "DIP", "$1N9291", "", "C", 59.055, 59.055, 35.434, 35.434, 270],
		[84, "U1_8", 1148, 1878, "B", "DIP", "$1N9291", "", "C", 59.055, 59.055, 35.434, 35.434, 270],
		[85, "U3_1", 1230, 2662, "T", "DIP", "$1N8962", "", "C", 70.866, 70.866, 35.434, 35.434, 0],
		[86, "U3_1", 1230, 2662, "B", "DIP", "$1N8962", "", "C", 70.866, 70.866, 35.434, 35.434, 0],
		[87, "U3_2", 1130, 2662, "T", "DIP", "$1N8933", "", "C", 70.866, 70.866, 35.434, 35.434, 0],
		[88, "U3_2", 1130, 2662, "B", "DIP", "$1N8933", "", "C", 70.866, 70.866, 35.434, 35.434, 0],
		[89, "U3_3", 1030, 2662, "T", "DIP", "$1N8927", "", "C", 70.866, 70.866, 35.434, 35.434, 0],
		[90, "U3_3", 1030, 2662, "B", "DIP", "$1N8927", "", "C", 70.866, 70.866, 35.434, 35.434, 0],
		[91, "U3_4", 930, 2662, "T", "DIP", "$1N8940", "", "C", 70.866, 70.866, 35.434, 35.434, 0],
		[92, "U3_4", 930, 2662, "B", "DIP", "$1N8940", "", "C", 70.866, 70.866, 35.434, 35.434, 0],
		[93, "U3_5", 830, 2662, "T", "DIP", "$1N8968", "", "C", 70.866, 70.866, 35.434, 35.434, 0],
		[94, "U3_5", 830, 2662, "B", "DIP", "$1N8968", "", "C", 70.866, 70.866, 35.434, 35.434, 0],
		[95, "U3_6", 730, 2662, "T", "DIP", "$1N8975", "", "C", 70.866, 70.866, 35.434, 35.434, 0],
		[96, "U3_6", 730, 2662, "B", "DIP", "$1N8975", "", "C", 70.866, 70.866, 35.434, 35.434, 0],
		[97, "U3_7", 630, 2662, "T", "DIP", "$1N8948", "", "C", 70.866, 70.866, 35.434, 35.434, 0],
		[98, "U3_7", 630, 2662, "B", "DIP", "$1N8948", "", "C", 70.866, 70.866, 35.434, 35.434, 0],
		[99, "U3_8", 530, 2662, "T", "DIP", "$1N9298", "", "C", 70.866, 70.866, 35.434, 35.434, 0],
		[100, "U3_8", 530, 2662, "B", "DIP", "$1N9298", "", "C", 70.866, 70.866, 35.434, 35.434, 0],
		[101, "U3_9", 530, 2362, "T", "DIP", "$1N8985", "", "C", 70.866, 70.866, 35.434, 35.434, 0],
		[102, "U3_9", 530, 2362, "B", "DIP", "$1N8985", "", "C", 70.866, 70.866, 35.434, 35.434, 0],
		[103, "U3_10", 630, 2362, "T", "DIP", "$1N8955", "", "C", 70.866, 70.866, 35.434, 35.434, 0],
		[104, "U3_10", 630, 2362, "B", "DIP", "$1N8955", "", "C", 70.866, 70.866, 35.434, 35.434, 0],
		[105, "U3_11", 730, 2362, "T", "DIP", "$1N8995", "", "C", 70.866, 70.866, 35.434, 35.434, 0],
		[106, "U3_11", 730, 2362, "B", "DIP", "$1N8995", "", "C", 70.866, 70.866, 35.434, 35.434, 0],
		[107, "U3_12", 830, 2362, "T", "DIP", "NET_1", "", "C", 70.866, 70.866, 35.434, 35.434, 0],
		[108, "U3_12", 830, 2362, "B", "DIP", "NET_1", "", "C", 70.866, 70.866, 35.434, 35.434, 0],
		[109, "U3_13", 930, 2362, "T", "DIP", "$1N9298", "", "C", 70.866, 70.866, 35.434, 35.434, 0],
		[110, "U3_13", 930, 2362, "B", "DIP", "$1N9298", "", "C", 70.866, 70.866, 35.434, 35.434, 0],
		[111, "U3_14", 1030, 2362, "T", "DIP", "$1N9466", "", "C", 70.866, 70.866, 35.434, 35.434, 0],
		[112, "U3_14", 1030, 2362, "B", "DIP", "$1N9466", "", "C", 70.866, 70.866, 35.434, 35.434, 0],
		[113, "U3_15", 1130, 2362, "T", "DIP", "$1N9298", "", "C", 70.866, 70.866, 35.434, 35.434, 0],
		[114, "U3_15", 1130, 2362, "B", "DIP", "$1N9298", "", "C", 70.866, 70.866, 35.434, 35.434, 0],
		[115, "U3_16", 1230, 2362, "T", "DIP", "$1N9291", "", "C", 70.866, 70.866, 35.434, 35.434, 0],
		[116, "U3_16", 1230, 2362, "B", "DIP", "$1N9291", "", "C", 70.866, 70.866, 35.434, 35.434, 0],
		[117, "PAD1_1", 636, 1910.63, "T", "DIP", "$1N9371", "", "C", 51.181, 51.181, 31.496, 31.496, 90],
		[118, "PAD1_1", 636, 1910.63, "B", "DIP", "$1N9371", "", "C", 51.181, 51.181, 31.496, 31.496, 90],
		[119, "PAD2_2", 636, 1989.37, "T", "DIP", "$1N9298", "", "C", 51.181, 51.181, 31.496, 31.496, 90],
		[120, "PAD2_2", 636, 1989.37, "B", "DIP", "$1N9298", "", "C", 51.181, 51.181, 31.496, 31.496, 90],
		[121, "PAD3_1", 704, 1700, "T", "DIP", "$1N9381", "", "C", 70.866, 70.866, 47.244, 47.244, 0],
		[122, "PAD3_1", 704, 1700, "B", "DIP", "$1N9381", "", "C", 70.866, 70.866, 47.244, 47.244, 0],
		[123, "PAD4_2", 904, 1700, "T", "DIP", "$1N9298", "", "C", 70.866, 70.866, 47.244, 47.244, 0],
		[124, "PAD4_2", 904, 1700, "B", "DIP", "$1N9298", "", "C", 70.866, 70.866, 47.244, 47.244, 0],
		[125, "PAD5_1", 292.0466, 2523.3539, "T", "DIP", "$1N9466", "", "R", 66.929, 66.929, 43.308, 43.308, 0],
		[126, "PAD5_1", 292.0466, 2523.3539, "B", "DIP", "$1N9466", "", "R", 66.929, 66.929, 43.308, 43.308, 0],
		[127, "PAD6_1", 624, 2178, "T", "DIP", "$1N9298", "", "R", 78.74, 78.74, 47.244, 47.244, 180],
		[128, "PAD6_1", 624, 2178, "B", "DIP", "$1N9298", "", "R", 78.74, 78.74, 47.244, 47.244, 180],
		[129, "PAD7_2", 524, 2178, "T", "DIP", "$1N9291", "", "C", 78.74, 78.74, 47.244, 47.244, 180],
		[130, "PAD7_2", 524, 2178, "B", "DIP", "$1N9291", "", "C", 78.74, 78.74, 47.244, 47.244, 180],
		[131, "PAD8_2", 1930, 3240, "T", "DIP", "$1N8927", "", "C", 62.992, 62.992, 39.37, 39.37, 180],
		[132, "PAD8_2", 1930, 3240, "B", "DIP", "$1N8927", "", "C", 62.992, 62.992, 39.37, 39.37, 180],
		[133, "PAD9_1", 1830, 3240, "T", "DIP", "$1N9393", "", "C", 62.992, 62.992, 39.37, 39.37, 180],
		[134, "PAD9_1", 1830, 3240, "B", "DIP", "$1N9393", "", "C", 62.992, 62.992, 39.37, 39.37, 180],
		[135, "PAD10_1", 2482, 3760, "T", "DIP", "$1N9393", "", "R", 62.992, 62.992, 39.37, 39.37, 180],
		[136, "PAD10_1", 2482, 3760, "B", "DIP", "$1N9393", "", "R", 62.992, 62.992, 39.37, 39.37, 180],
		[137, "PAD11_2", 2582, 3760, "T", "DIP", "$1N8933", "", "C", 62.992, 62.992, 39.37, 39.37, 180],
		[138, "PAD11_2", 2582, 3760, "B", "DIP", "$1N8933", "", "C", 62.992, 62.992, 39.37, 39.37, 180],
		[139, "PAD12_1", 3298, 3884, "T", "DIP", "$1N9393", "", "R", 62.992, 62.992, 39.37, 39.37, 180],
		[140, "PAD12_1", 3298, 3884, "B", "DIP", "$1N9393", "", "R", 62.992, 62.992, 39.37, 39.37, 180],
		[141, "PAD13_2", 3398, 3884, "T", "DIP", "$1N8940", "", "C", 62.992, 62.992, 39.37, 39.37, 180],
		[142, "PAD13_2", 3398, 3884, "B", "DIP", "$1N8940", "", "C", 62.992, 62.992, 39.37, 39.37, 180],
		[143, "PAD14_2", 4212, 3614, "T", "DIP", "$1N8948", "", "C", 62.992, 62.992, 39.37, 39.37, 180],
		[144, "PAD14_2", 4212, 3614, "B", "DIP", "$1N8948", "", "C", 62.992, 62.992, 39.37, 39.37, 180],
		[145, "PAD15_1", 4112, 3614, "T", "DIP", "$1N9393", "", "C", 62.992, 62.992, 39.37, 39.37, 180],
		[146, "PAD15_1", 4112, 3614, "B", "DIP", "$1N9393", "", "C", 62.992, 62.992, 39.37, 39.37, 180],
		[147, "PAD16_1", 4676, 2974, "T", "DIP", "$1N9393", "", "R", 62.992, 62.992, 39.37, 39.37, 180],
		[148, "PAD16_1", 4676, 2974, "B", "DIP", "$1N9393", "", "R", 62.992, 62.992, 39.37, 39.37, 180],
		[149, "PAD17_2", 4776, 2974, "T", "DIP", "$1N8955", "", "C", 62.992, 62.992, 39.37, 39.37, 180],
		[150, "PAD17_2", 4776, 2974, "B", "DIP", "$1N8955", "", "C", 62.992, 62.992, 39.37, 39.37, 180],
		[151, "PAD18_1", 4748, 1402, "T", "DIP", "$1N9393", "", "R", 62.992, 62.992, 39.37, 39.37, 180],
		[152, "PAD18_1", 4748, 1402, "B", "DIP", "$1N9393", "", "R", 62.992, 62.992, 39.37, 39.37, 180],
		[153, "PAD19_2", 4848, 1402, "T", "DIP", "$1N8962", "", "C", 62.992, 62.992, 39.37, 39.37, 180],
		[154, "PAD19_2", 4848, 1402, "B", "DIP", "$1N8962", "", "C", 62.992, 62.992, 39.37, 39.37, 180],
		[155, "PAD20_2", 4338, 706, "T", "DIP", "$1N8968", "", "C", 62.992, 62.992, 39.37, 39.37, 180],
		[156, "PAD20_2", 4338, 706, "B", "DIP", "$1N8968", "", "C", 62.992, 62.992, 39.37, 39.37, 180],
		[157, "PAD21_1", 4238, 706, "T", "DIP", "$1N9393", "", "C", 62.992, 62.992, 39.37, 39.37, 180],
		[158, "PAD21_1", 4238, 706, "B", "DIP", "$1N9393", "", "C", 62.992, 62.992, 39.37, 39.37, 180],
		[159, "PAD22_1", 3480, 358, "T", "DIP", "$1N9393", "", "R", 62.992, 62.992, 39.37, 39.37, 180],
		[160, "PAD22_1", 3480, 358, "B", "DIP", "$1N9393", "", "R", 62.992, 62.992, 39.37, 39.37, 180],
		[161, "PAD23_2", 3580, 358, "T", "DIP", "$1N8975", "", "C", 62.992, 62.992, 39.37, 39.37, 180],
		[162, "PAD23_2", 3580, 358, "B", "DIP", "$1N8975", "", "C", 62.992, 62.992, 39.37, 39.37, 180],
		[163, "PAD24_1", 2641.4325, 384.913, "T", "DIP", "$1N9393", "", "R", 62.992, 62.992, 39.37, 39.37, 180],
		[164, "PAD24_1", 2641.4325, 384.913, "B", "DIP", "$1N9393", "", "R", 62.992, 62.992, 39.37, 39.37, 180],
		[165, "PAD25_2", 2741.4325, 384.913, "T", "DIP", "$1N8985", "", "C", 62.992, 62.992, 39.37, 39.37, 180],
		[166, "PAD25_2", 2741.4325, 384.913, "B", "DIP", "$1N8985", "", "C", 62.992, 62.992, 39.37, 39.37, 180],
		[167, "PAD26_2", 2022, 866, "T", "DIP", "$1N8995", "", "C", 62.992, 62.992, 39.37, 39.37, 180],
		[168, "PAD26_2", 2022, 866, "B", "DIP", "$1N8995", "", "C", 62.992, 62.992, 39.37, 39.37, 180],
		[169, "PAD27_1", 1922, 866, "T", "DIP", "$1N9393", "", "C", 62.992, 62.992, 39.37, 39.37, 180],
		[170, "PAD27_1", 1922, 866, "B", "DIP", "$1N9393", "", "C", 62.992, 62.992, 39.37, 39.37, 180],
		[171, "PAD28_1", 1047.31, 1698, "T", "DIP", "$1N9356", "", "C", 55.118, 55.118, 27.56, 27.56, 0],
		[172, "PAD28_1", 1047.31, 1698, "B", "DIP", "$1N9356", "", "C", 55.118, 55.118, 27.56, 27.56, 0],
		[173, "PAD29_2", 1460.69, 1698, "T", "DIP", "$1N9291", "", "C", 55.118, 55.118, 27.56, 27.56, 0],
		[174, "PAD29_2", 1460.69, 1698, "B", "DIP", "$1N9291", "", "C", 55.118, 55.118, 27.56, 27.56, 0],
		[175, "PAD30_2", 872, 1400.4, "T", "DIP", "$1N9356", "", "C", 74.8, 74.8, 35.4, 35.4, 270],
		[176, "PAD30_2", 872, 1400.4, "B", "DIP", "$1N9356", "", "C", 74.8, 74.8, 35.4, 35.4, 270],
		[177, "PAD31_1", 872, 1500.4, "T", "DIP", "$1N9371", "", "C", 74.8, 74.8, 35.4, 35.4, 270],
		[178, "PAD31_1", 872, 1500.4, "B", "DIP", "$1N9371", "", "C", 74.8, 74.8, 35.4, 35.4, 270],
		[179, "PAD32_3", 872, 1299.6, "T", "DIP", "$1N9356", "", "C", 74.8, 74.8, 35.4, 35.4, 270],
		[180, "PAD32_3", 872, 1299.6, "B", "DIP", "$1N9356", "", "C", 74.8, 74.8, 35.4, 35.4, 270],
		[181, "PAD33_1", 1053.31, 1524, "T", "DIP", "$1N9298", "", "C", 62.992, 62.992, 36, 36, 180],
		[182, "PAD33_1", 1053.31, 1524, "B", "DIP", "$1N9298", "", "C", 62.992, 62.992, 36, 36, 180],
		[183, "PAD34_2", 1466.7, 1524, "T", "DIP", "$1N9393", "", "C", 62.992, 62.992, 36, 36, 180],
		[184, "PAD34_2", 1466.7, 1524, "B", "DIP", "$1N9393", "", "C", 62.992, 62.992, 36, 36, 180],
		[185, "PAD35_1", 1148, 2178, "T", "DIP", "$1N9298", "", "R", 59.055, 59.055, 35.434, 35.434, 180],
		[186, "PAD35_1", 1148, 2178, "B", "DIP", "$1N9298", "", "R", 59.055, 59.055, 35.434, 35.434, 180],
		[187, "PAD36_2", 1048, 2178, "T", "DIP", "$1N9371", "", "C", 59.055, 59.055, 35.434, 35.434, 270],
		[188, "PAD36_2", 1048, 2178, "B", "DIP", "$1N9371", "", "C", 59.055, 59.055, 35.434, 35.434, 270],
		[189, "PAD37_3", 948, 2178, "T", "DIP", "$1N9466", "", "C", 59.055, 59.055, 35.434, 35.434, 270],
		[190, "PAD37_3", 948, 2178, "B", "DIP", "$1N9466", "", "C", 59.055, 59.055, 35.434, 35.434, 270],
		[191, "PAD38_4", 848, 2178, "T", "DIP", "$1N9291", "", "C", 59.055, 59.055, 35.434, 35.434, 270],
		[192, "PAD38_4", 848, 2178, "B", "DIP", "$1N9291", "", "C", 59.055, 59.055, 35.434, 35.434, 270],
		[193, "PAD39_8", 1148, 1878, "T", "DIP", "$1N9291", "", "C", 59.055, 59.055, 35.434, 35.434, 270],
		[194, "PAD39_8", 1148, 1878, "B", "DIP", "$1N9291", "", "C", 59.055, 59.055, 35.434, 35.434, 270],
		[195, "PAD40_7", 1048, 1878, "T", "DIP", "$1N9356", "", "C", 59.055, 59.055, 35.434, 35.434, 270],
		[196, "PAD40_7", 1048, 1878, "B", "DIP", "$1N9356", "", "C", 59.055, 59.055, 35.434, 35.434, 270],
		[197, "PAD41_6", 948, 1878, "T", "DIP", "$1N9371", "", "C", 59.055, 59.055, 35.434, 35.434, 270],
		[198, "PAD41_6", 948, 1878, "B", "DIP", "$1N9371", "", "C", 59.055, 59.055, 35.434, 35.434, 270],
		[199, "PAD42_5", 848, 1878, "T", "DIP", "$1N9381", "", "C", 59.055, 59.055, 35.434, 35.434, 270],
		[200, "PAD42_5", 848, 1878, "B", "DIP", "$1N9381", "", "C", 59.055, 59.055, 35.434, 35.434, 270],
		[201, "PAD43_1", 1230, 2662, "T", "DIP", "$1N8962", "", "C", 70.866, 70.866, 35.434, 35.434, 0],
		[202, "PAD43_1", 1230, 2662, "B", "DIP", "$1N8962", "", "C", 70.866, 70.866, 35.434, 35.434, 0],
		[203, "PAD44_2", 1130, 2662, "T", "DIP", "$1N8933", "", "C", 70.866, 70.866, 35.434, 35.434, 0],
		[204, "PAD44_2", 1130, 2662, "B", "DIP", "$1N8933", "", "C", 70.866, 70.866, 35.434, 35.434, 0],
		[205, "PAD45_3", 1030, 2662, "T", "DIP", "$1N8927", "", "C", 70.866, 70.866, 35.434, 35.434, 0],
		[206, "PAD45_3", 1030, 2662, "B", "DIP", "$1N8927", "", "C", 70.866, 70.866, 35.434, 35.434, 0],
		[207, "PAD46_4", 930, 2662, "T", "DIP", "$1N8940", "", "C", 70.866, 70.866, 35.434, 35.434, 0],
		[208, "PAD46_4", 930, 2662, "B", "DIP", "$1N8940", "", "C", 70.866, 70.866, 35.434, 35.434, 0],
		[209, "PAD47_5", 830, 2662, "T", "DIP", "$1N8968", "", "C", 70.866, 70.866, 35.434, 35.434, 0],
		[210, "PAD47_5", 830, 2662, "B", "DIP", "$1N8968", "", "C", 70.866, 70.866, 35.434, 35.434, 0],
		[211, "PAD48_6", 730, 2662, "T", "DIP", "$1N8975", "", "C", 70.866, 70.866, 35.434, 35.434, 0],
		[212, "PAD48_6", 730, 2662, "B", "DIP", "$1N8975", "", "C", 70.866, 70.866, 35.434, 35.434, 0],
		[213, "PAD49_7", 630, 2662, "T", "DIP", "$1N8948", "", "C", 70.866, 70.866, 35.434, 35.434, 0],
		[214, "PAD49_7", 630, 2662, "B", "DIP", "$1N8948", "", "C", 70.866, 70.866, 35.434, 35.434, 0],
		[215, "PAD50_8", 530, 2662, "T", "DIP", "$1N9298", "", "C", 70.866, 70.866, 35.434, 35.434, 0],
		[216, "PAD50_8", 530, 2662, "B", "DIP", "$1N9298", "", "C", 70.866, 70.866, 35.434, 35.434, 0],
		[217, "PAD51_9", 530, 2362, "T", "DIP", "$1N8985", "", "C", 70.866, 70.866, 35.434, 35.434, 0],
		[218, "PAD51_9", 530, 2362, "B", "DIP", "$1N8985", "", "C", 70.866, 70.866, 35.434, 35.434, 0],
		[219, "PAD52_10", 630, 2362, "T", "DIP", "$1N8955", "", "C", 70.866, 70.866, 35.434, 35.434, 0],
		[220, "PAD52_10", 630, 2362, "B", "DIP", "$1N8955", "", "C", 70.866, 70.866, 35.434, 35.434, 0],
		[221, "PAD53_11", 730, 2362, "T", "DIP", "$1N8995", "", "C", 70.866, 70.866, 35.434, 35.434, 0],
		[222, "PAD53_11", 730, 2362, "B", "DIP", "$1N8995", "", "C", 70.866, 70.866, 35.434, 35.434, 0],
		[223, "PAD54_13", 930, 2362, "T", "DIP", "$1N9298", "", "C", 70.866, 70.866, 35.434, 35.434, 0],
		[224, "PAD54_13", 930, 2362, "B", "DIP", "$1N9298", "", "C", 70.866, 70.866, 35.434, 35.434, 0],
		[225, "PAD55_14", 1030, 2362, "T", "DIP", "$1N9466", "", "C", 70.866, 70.866, 35.434, 35.434, 0],
		[226, "PAD55_14", 1030, 2362, "B", "DIP", "$1N9466", "", "C", 70.866, 70.866, 35.434, 35.434, 0],
		[227, "PAD56_15", 1130, 2362, "T", "DIP", "$1N9298", "", "C", 70.866, 70.866, 35.434, 35.434, 0],
		[228, "PAD56_15", 1130, 2362, "B", "DIP", "$1N9298", "", "C", 70.866, 70.866, 35.434, 35.434, 0],
		[229, "PAD57_16", 1230, 2362, "T", "DIP", "$1N9291", "", "C", 70.866, 70.866, 35.434, 35.434, 0],
		[230, "PAD57_16", 1230, 2362, "B", "DIP", "$1N9291", "", "C", 70.866, 70.866, 35.434, 35.434, 0]
	]
}
}